sampler_label,aggregate_report_count,average,aggregate_report_min,aggregate_report_max,aggregate_report_stddev,aggregate_report_error%,aggregate_report_rate,aggregate_report_bandwidth,average_bytes
NGINX_PHP_HTTP_Request,48985,36624,606,37778,3458.09903320348,0.0,13.469236467383743,4.287936868573688,325.99081351434114
TOTAL,48985,36624,606,37778,3458.09903320348,0.0,13.469236467383743,4.287936868573688,325.99081351434114
